Age 1,O181,,,Age2,O182
10.495,-7.84,,1.7,0.0017,-8.6
10.641,-7.84,,20,0.02,-7.98
10.787,-7.87,,38.2,0.0382,-7.9
10.933,-7.77,,56.5,0.0565,-7.73
10.979,-7.56,,91.3,0.0913,-7.84
11.025,-7.65,,93,0.093,-7.94
11.072,-7.56,,94.7,0.0947,-8.02
11.118,-7.64,,96.5,0.0965,-7.83
11.164,-7.57,,98.2,0.0982,-7.85
11.21,-7.45,,99.9,0.0999,-8.05
11.257,-7.3,,101.6,0.1016,-7.86
11.303,-7.33,,103.4,0.1034,-8.15
11.349,-7.14,,105.1,0.1051,-8.21
11.395,-7.21,,106.8,0.1068,-8.08
11.442,-7.06,,108.6,0.1086,-8.03
11.488,-7.12,,110.3,0.1103,-7.98
11.534,-6.79,,112,0.112,-7.91
11.627,-6.42,,113.8,0.1138,-7.66
11.72,-6.29,,115.5,0.1155,-7.7
11.813,-6.29,,117.2,0.1172,-7.85
11.906,-6.3,,119,0.119,-7.86
11.999,-6.34,,120.7,0.1207,-7.86
12.092,-6.31,,122.4,0.1224,-7.84
12.185,-6.31,,124.1,0.1241,-7.94
12.278,-6.11,,125.9,0.1259,-7.59
12.371,-6.16,,127.6,0.1276,-7.78
12.464,-6.09,,129.3,0.1293,-7.96
12.557,-6.09,,131.1,0.1311,-7.95
12.582,-6.11,,132.8,0.1328,-8.1
12.608,-6.11,,134.5,0.1345,-7.99
12.633,-6.33,,136.3,0.1363,-7.68
12.658,-6.49,,138,0.138,-7.88
12.684,-6.54,,139.7,0.1397,-7.75
12.709,-6.61,,141.5,0.1415,-7.86
12.735,-6.73,,143.2,0.1432,-7.96
12.76,-6.67,,144.9,0.1449,-8.36
12.785,-6.8,,146.6,0.1466,-8.08
12.811,-6.8,,148.4,0.1484,-7.66
12.836,-6.97,,150.1,0.1501,-7.98
12.861,-7.1,,151.8,0.1518,-7.97
12.887,-7.39,,155.3,0.1553,-7.71
12.912,-7.41,,158.8,0.1588,-7.75
12.969,-7.33,,165.7,0.1657,-7.79
13.026,-7.22,,169.1,0.1691,-8.18
13.083,-7.25,,172.6,0.1726,-8.08
13.14,-7.15,,176.1,0.1761,-7.88
13.196,-7.07,,179.5,0.1795,-8.44
13.253,-7.27,,183,0.183,-8.04
13.31,-7.28,,187,0.187,-8.17
13.367,-7.33,,191,0.191,-8.29
13.424,-7.28,,195,0.195,-7.97
13.481,-7.25,,199,0.199,-7.85
13.538,-7.16,,203,0.203,-7.78
13.595,-7.01,,207,0.207,-7.72
13.652,-7.01,,211,0.211,-7.78
13.709,-7,,215,0.215,-8.09
13.765,-7.04,,219,0.219,-8.01
13.822,-6.89,,223,0.223,-8.05
13.879,-6.78,,227,0.227,-7.85
13.936,-6.64,,231,0.231,-8.12
13.993,-6.71,,235,0.235,-7.9
14.05,-6.75,,239,0.239,-8.03
14.107,-6.73,,243,0.243,-8
14.164,-6.77,,247,0.247,-7.98
14.221,-6.71,,251,0.251,-8.12
14.277,-6.7,,255,0.255,-8.05
14.334,-6.68,,259,0.259,-7.99
14.391,-6.71,,263,0.263,-8.1
14.448,-6.76,,267,0.267,-8.03
14.505,-6.51,,271,0.271,-7.72
14.586,-6.27,,275,0.275,-7.83
14.667,-5.86,,279,0.279,-7.63
14.748,-5.7,,283,0.283,-7.86
14.83,-5.5,,287,0.287,-7.93
14.911,-5.23,,291,0.291,-8.04
14.992,-5.23,,295,0.295,-7.93
15.073,-5.08,,299,0.299,-8.09
15.111,-4.99,,303,0.303,-7.89
15.148,-5.02,,307,0.307,-8
15.186,-5.06,,311,0.311,-7.96
15.223,-5.19,,315,0.315,-7.96
15.261,-5.24,,319,0.319,-7.57
15.298,-5.22,,323,0.323,-7.75
15.336,-5.11,,327,0.327,-7.9
15.373,-5.11,,331,0.331,-7.8
15.411,-5.11,,335,0.335,-7.73
15.457,-4.91,,339,0.339,-7.76
15.504,-4.83,,343,0.343,-7.75
15.55,-4.87,,347,0.347,-7.37
15.596,-4.62,,351,0.351,-7.63
15.642,-4.64,,355,0.355,-7.73
15.689,-4.42,,359,0.359,-7.24
15.735,-4.2,,363,0.363,-7.47
15.781,-4.03,,367,0.367,-7.69
15.858,-4.83,,371,0.371,-7.86
15.935,-5.14,,375,0.375,-7.82
16.012,-5.4,,379,0.379,-7.84
16.089,-5.36,,383,0.383,-7.7
16.143,-5.25,,387,0.387,-7.92
16.196,-5.41,,391,0.391,-8.01
16.25,-5.23,,403.2,0.4032,-7.38
16.303,-5.21,,415.3,0.4153,-7.62
16.357,-5.29,,427.5,0.4275,-7.65
16.41,-5.24,,439.7,0.4397,-7.53
16.464,-5.19,,451.8,0.4518,-7.62
16.517,-5.07,,464,0.464,-7.46
16.571,-5.19,,476.2,0.4762,-7.74
16.624,-5.28,,488.3,0.4883,-7.52
16.678,-5.41,,500.5,0.5005,-7.72
16.731,-4.96,,512.6,0.5126,-7.57
16.785,-5.32,,524.8,0.5248,-7.58
16.838,-5.11,,537,0.537,-7.75
16.892,-5.34,,549.1,0.5491,-7.59
16.945,-5.76,,561.3,0.5613,-8.04
16.999,-5.41,,573.5,0.5735,-7.9
17.052,-5.61,,585.6,0.5856,-7.93
17.106,-5.53,,610,0.61,-7.9
17.159,-5.76,,634.3,0.6343,-7.97
17.213,-5.56,,646.4,0.6464,-7.79
17.266,-5.39,,658.6,0.6586,-8.04
17.32,-5.32,,670.8,0.6708,-7.68
17.391,-5.46,,682.9,0.6829,-7.78
17.462,-5.74,,695.1,0.6951,-7.13
17.533,-6.21,,707.3,0.7073,-7.94
17.604,-6.22,,731.6,0.7316,-7.6
17.675,-6.36,,792.4,0.7924,-7.06
17.746,-6.37,,853.2,0.8532,-7.53
17.817,-6.42,,914,0.914,-7.61
17.888,-6.44,,958.5,0.9585,-7.77
17.959,-6.52,,1003,1.003,-7.56
18.032,-6.36,,1023.8,1.0238,-7.45
18.104,-6.19,,1044.6,1.0446,-7.21
18.177,-6.33,,1065.4,1.0654,-7.46
18.249,-6,,1086.1,1.0861,-7.56
18.322,-6.17,,1106.9,1.1069,-7.91
18.394,-5.98,,1127.7,1.1277,-7.73
18.467,-6.27,,1148.5,1.1485,-7.61
18.54,-6.18,,1169.3,1.1693,-7.74
18.612,-6.13,,1190.1,1.1901,-7.48
18.685,-6.01,,1210.9,1.2109,-7.74
18.757,-6.26,,1231.6,1.2316,-7.63
18.83,-6.02,,1252.4,1.2524,-7.4
18.903,-6.24,,1273.2,1.2732,-7.73
18.975,-6.11,,1294,1.294,-7.31
19.048,-6.17,,1327.6,1.3276,-7.54
19.12,-5.88,,1361.3,1.3613,-7.77
19.193,-6.12,,1394.9,1.3949,-7.71
19.265,-5.96,,1428.6,1.4286,-7.69
19.338,-6.04,,1494.3,1.4943,-7.54
19.37,-6.85,,1581.6,1.5816,-7.69
19.423,-6.88,,1668.9,1.6689,-7.6
19.476,-6.81,,1756.2,1.7562,-7.28
19.529,-6.65,,1843.5,1.8435,-7.78
19.582,-6.47,,2070.4,2.0704,-6.93
19.635,-6.56,,2088,2.088,-7.61
19.688,-6.43,,2107.6,2.1076,-7.36
19.741,-6.33,,2127.2,2.1272,-7.35
19.794,-6.37,,2146.8,2.1468,-7.19
19.847,-6.37,,2166.4,2.1664,-7.28
19.9,-6.27,,2186,2.186,-7.14
19.953,-6.32,,2205.6,2.2056,-7.34
20.006,-6.21,,2225.2,2.2252,-7.75
20.059,-6.25,,2244.8,2.2448,-7.61
20.112,-6.07,,2264.3,2.2643,-7.4
20.165,-6.22,,2283.9,2.2839,-7.76
20.218,-6.18,,2303.5,2.3035,-7.71
20.271,-6.28,,2323.1,2.3231,-7.66
20.324,-6.38,,2342.7,2.3427,-7.66
20.377,-6.26,,2362.3,2.3623,-7.56
20.43,-6.14,,2381.9,2.3819,-7.6
20.483,-6.07,,2401.5,2.4015,-7.21
20.536,-6.15,,2421.1,2.4211,-7
20.589,-6.16,,2440.7,2.4407,-8.11
20.642,-6.16,,2460.3,2.4603,-6.76
20.695,-6.26,,2479.8,2.4798,-6.75
20.748,-6.32,,2499.4,2.4994,-6.64
20.801,-6.23,,2519,2.519,-6.75
20.854,-6.3,,2524.1,2.5241,-6.96
20.907,-6.24,,2529.3,2.5293,-6.69
20.96,-6.32,,2534.4,2.5344,-6.72
21.037,-6.39,,2539.5,2.5395,-6.71
21.114,-6.34,,2544.7,2.5447,-7.26
21.192,-6.16,,2549.8,2.5498,-7.36
21.269,-6.2,,2555,2.555,-7.35
21.346,-6.3,,2560.1,2.5601,-7.46
21.423,-5.97,,2565.3,2.5653,-7.6
21.501,-6.03,,2570.4,2.5704,-7.25
21.578,-6.08,,2575.5,2.5755,-7.37
21.655,-6.1,,2580.7,2.5807,-7.76
21.732,-6.11,,2585.8,2.5858,-7.8
21.81,-6.05,,2591,2.591,-7.53
21.887,-6.1,,2596.1,2.5961,-7.35
21.964,-6.25,,2601.3,2.6013,-7.37
22.041,-6.33,,2606.4,2.6064,-8.32
22.118,-6.08,,2611.5,2.6115,-7.39
22.196,-6.07,,2616.7,2.6167,-7.67
22.273,-6.1,,2621.8,2.6218,-7.86
22.36,-6.18,,2627.1,2.6271,-7.79
22.446,-6.3,,2652.8,2.6528,-7.49
22.533,-6.22,,2678.5,2.6785,-7.67
22.62,-6.17,,2704.2,2.7042,-7.42
22.706,-6.17,,2729.9,2.7299,-6.88
22.793,-6.06,,2755.6,2.7556,-6.7
22.88,-6.21,,2781.2,2.7812,-7.36
22.966,-6.19,,2832.6,2.8326,-7.83
23.053,-6.27,,2896.9,2.8969,-7.91
23.14,-6.28,,2961.1,2.9611,-7.39
23.226,-6.39,,3025.4,3.0254,-7.41
23.313,-6.49,,3089.6,3.0896,-7.12
23.4,-6.38,,3153.8,3.1538,-7.23
23.487,-6.27,,3217.6,3.2176,-7.44
23.573,-6.26,,3330.4,3.3304,-7.28
23.66,-6.11,,3443.2,3.4432,-7.45
23.747,-5.95,,3556,3.556,-8.59
23.833,-5.78,,3631.2,3.6312,-8.27
23.92,-5.75,,3649.2,3.6492,-8.1
24.007,-5.57,,3667.2,3.6672,-7.74
24.093,-5.41,,3685.2,3.6852,-7.85
24.18,-5.17,, 3703.2      -,#VALUE!,7.73
24.241,-5.22,,3721.1,3.7211,-7.8
24.302,-5.47,,3739.1,3.7391,-8.02
24.363,-5.45,,3757.1,3.7571,-8.29
24.424,-5.61,,3775.1,3.7751,-8.08
24.485,-6,,3793.1,3.7931,-8.08
24.546,-6.37,,3811,3.811,-8.16
24.607,-6.76,,3829,3.829,-8.48
24.669,-6.88,,3847,3.847,-8.04
24.73,-6.92,,3865,3.865,-8
24.79,-6.74,,3883,3.883,-8.46
24.85,-6.53,,3901,3.901,-7.88
24.913,-6.48,,3918.9,3.9189,-8.05
24.974,-6.52,,3936.9,3.9369,-8.15
25.035,-6.49,,3954.9,3.9549,-8.25
25.096,-6.27,,3972.9,3.9729,-8.16
25.157,-6.27,,3990.9,3.9909,-8.2
25.218,-6.3,,4008.9,4.0089,-8.15
25.279,-6.41,,4030.4,4.0304,-8.21
25.34,-6.27,,4045.1,4.0451,-8.31
25.401,-6.34,,4049.4,4.0494,-8.18
25.462,-6.48,,4053.7,4.0537,-8.38
25.523,-6.6,,4057.9,4.0579,-8.12
25.584,-6.43,,4062.2,4.0622,-8.13
25.768,-6.25,,4066.5,4.0665,-8.38
25.829,-6.17,,4070.8,4.0708,-8
25.883,-6.2,,4075,4.075,-8.38
25.938,-6.27,,4079.3,4.0793,-8.2
25.992,-6.35,,4083.6,4.0836,-8.34
26.046,-6.48,,4087.9,4.0879,-8.34
26.101,-6.44,,4092.1,4.0921,-8.13
26.155,-6.54,,4096.4,4.0964,-8.39
26.21,-6.52,,4100.7,4.1007,-8.18
26.264,-6.59,,4105,4.105,-8.56
26.318,-6.67,,4109.2,4.1092,-8.21
26.373,-6.74,,4113.5,4.1135,-8.63
26.427,-7.04,,4117.8,4.1178,-8.11
26.482,-6.9,,4126.3,4.1263,-8.14
26.536,-6.84,,4134.9,4.1349,-8.38
26.59,-6.78,,4143.4,4.1434,-8.28
26.645,-6.68,,4152,4.152,-7.7
26.699,-6.75,,4175.5,4.1755,-7.95
26.754,-6.85,,4199,4.199,-8.47
26.808,-7.2,,4222.4,4.2224,-8.41
26.862,-7.38,,4245.9,4.2459,-7.92
26.917,-7.33,,4272.9,4.2729,-8.18
26.971,-7.19,,4305.3,4.3053,-8.51
27.026,-7.09,,4337.7,4.3377,-8.62
27.08,-7.01,,4370,4.37,-8.59
27.152,-6.99,,4402.4,4.4024,-8.3
27.296,-7.04,,4434.8,4.4348,-8.49
27.439,-7.14,,4467.1,4.4671,-8.5
27.583,-7.16,,4499.5,4.4995,-7.57
27.726,-7.56,,4531.9,4.5319,-8.48
27.87,-7.74,,4564.2,4.5642,-8.46
28.014,-7.13,,4596.6,4.5966,-8.5
28.157,-6.97,,4629,4.629,-7.87
28.301,-7.03,,4679.8,4.6798,-7.98
28.445,-6.94,,4730.5,4.7305,-8.53
28.588,-6.99,,4781.3,4.7813,-8.5
28.732,-7.41,,4832.1,4.8321,-8.3
28.876,-7.76,,4882.8,4.8828,-8.67
29.019,-8.06,,4933.6,4.9336,-8.35
29.163,-8.05,,4984.3,4.9843,-8.43
29.428,-8.55,,5009.7,5.0097,-8.3
29.694,-8,,5035.1,5.0351,-8.43
29.959,-7.47,,5060.5,5.0605,-8.18
30.225,-6.65,,5085.8,5.0858,-8.12
30.49,-6.59,,5111.2,5.1112,-8.4
30.7,-6.73,,5136.6,5.1366,-8.05
30.91,-7.07,,5162,5.162,-7.82
31.12,-7.18,,5177.3,5.1773,-7.77
31.33,-7.85,,5190.2,5.1902,-8.47
31.54,-7.64,,5203.1,5.2031,-8.44
31.75,-7.63,,5215.9,5.2159,-7.88
31.96,-7.61,,5228.8,5.2288,-8.49
32.17,-7.31,,5241.6,5.2416,-8.65
32.375,-7.44,,5254.5,5.2545,-8.4
32.58,-8.29,,5267.3,5.2673,-8.38
32.785,-8.61,,5280.2,5.2802,-8.57
32.99,-7.17,,5293.1,5.2931,-8.15
,,,5305.9,5.3059,-8.49
,,,5318.8,5.3188,-8.35
,,,5331.6,5.3316,-8.45
,,,5344.5,5.3445,-8.5
,,,5357.3,5.3573,-8.59
,,,5370.2,5.3702,-8.46
,,,5383,5.383,-8.65
,,,5389.5,5.3895,-8.55
,,,5395.9,5.3959,-8.66
,,,5402.4,5.4024,-8.78
,,,5405,5.405,-8.7
,,,5414.1,5.4141,-8.56
,,,5420.5,5.4205,-8.52
,,,5427,5.427,-8.73
,,,5433.5,5.4335,-8.66
,,,5440,5.44,-8.12
,,,5452.9,5.4529,-8.31
,,,5459.4,5.4594,-8.69
,,,5465.9,5.4659,-8.91
,,,5472.4,5.4724,-8.05
,,,5478.8,5.4788,-8.28
,,,5485.3,5.4853,-8.81
,,,5491.8,5.4918,-8.73
,,,5498.3,5.4983,-8.93
,,,5504.7,5.5047,-8.49
,,,5511.2,5.5112,-8.59
,,,5517.7,5.5177,-8.46
,,,5524.2,5.5242,-8.76
,,,5530.6,5.5306,-8.85
,,,5537.1,5.5371,-8.38
,,,5543.6,5.5436,-8.91
,,,5550.1,5.5501,-8.67
,,,5556.6,5.5566,-8.56
,,,5563,5.563,-8.51
,,,5569.5,5.5695,-8.64
,,,5576,5.576,-8.97
,,,5595.4,5.5954,-8.42
,,,5621.3,5.6213,-8.82
,,,5647.2,5.6472,-9.17
,,,5673.1,5.6731,-9.17
,,,5699,5.699,-9.04
,,,5724.9,5.7249,-8.57
,,,5750.8,5.7508,-9.28
,,,5782.1,5.7821,-8.79
,,,5825.8,5.8258,-8.95
,,,5869.5,5.8695,-8.78
,,,5913.2,5.9132,-9.06
,,,5956.9,5.9569,-8.71
,,,6000.6,6.0006,-8.81
,,,6044.3,6.0443,-8.96
,,,6088,6.088,-8.89
,,,6131.7,6.1317,-9.06
,,,6175.4,6.1754,-8.82
,,,6219.1,6.2191,-8.76
,,,6262.8,6.2628,-9.03
,,,6306.5,6.3065,-8.87
,,,6343.5,6.3435,-8.82
,,,6376.2,6.3762,-8.55
,,,6408.8,6.4088,-8.9
,,,6441.4,6.4414,-8.95
,,,6474,6.474,-8.96
,,,6506.6,6.5066,-8.9
,,,6539.2,6.5392,-8.5
,,,6578.4,6.5784,-8.8
,,,6620.4,6.6204,-8.18
,,,6662.4,6.6624,-8.57
,,,6704.3,6.7043,-8.43
,,,6746.3,6.7463,-8.78
,,,6788.2,6.7882,-8.94
,,,6830.2,6.8302,-8.31
,,,6872.2,6.8722,-8.55
,,,6914.1,6.9141,-8.94
,,,6956.1,6.9561,-8.47
,,,6998,6.998,-8.72
,,,7031.5,7.0315,-8.83
,,,7064.9,7.0649,-8.57
,,,7094.9,7.0949,-8.96
,,,7128.4,7.1284,-9.31
,,,7161.8,7.1618,-8.78
,,,7195.2,7.1952,-9.08
,,,7228.6,7.2286,-8.92
,,,7262,7.262,-9.01
,,,7295.4,7.2954,-9.23
,,,7328.9,7.3289,-9.19
,,,7362.3,7.3623,-8.99
,,,7395.7,7.3957,-9.32
,,,7455.4,7.4554,-9.17
,,,7518,7.518,-9.2
,,,7580.6,7.5806,-8.92
,,,7643.2,7.6432,-9.13
,,,7694.2,7.6942,-9.15
,,,7718.1,7.7181,-9.2
,,,7742.1,7.7421,-8.68
,,,7766.1,7.7661,-9.06
,,,7790,7.79,-9.17
,,,7814,7.814,-9.28
,,,7837.9,7.8379,-9.2
,,,7861.9,7.8619,-9
,,,7885.9,7.8859,-8.95
,,,7974.5,7.9745,-9.07
,,,7986.5,7.9865,-8.8
,,,7998.5,7.9985,-9.08
,,,8010.5,8.0105,-8.56
,,,8015.3,8.0153,-8.96
,,,8017.7,8.0177,-9.2
,,,8020.1,8.0201,-8.91
,,,8022.4,8.0224,-8.84
,,,8027.2,8.0272,-8.91
,,,8029.6,8.0296,-9.26
,,,8032,8.032,-9.01
,,,8034.4,8.0344,-8.75
,,,8039.2,8.0392,-8.82
,,,8041.6,8.0416,-9.13
,,,8044,8.044,-8.7
,,,8046.4,8.0464,-8.59
,,,8048.8,8.0488,-8.95
,,,8051.2,8.0512,-8.14
,,,8053.6,8.0536,-8.63
,,,8056,8.056,-8.69
,,,8058,8.058,-8.8
,,,8061,8.061,-8.7
,,,8063,8.063,-8.61
,,,8064,8.064,-8.7
,,,8066.1,8.0661,-8.8
,,,8068.1,8.0681,-8.74
,,,8070.1,8.0701,-8.71
,,,8071.1,8.0711,-8.7
,,,8072.1,8.0721,-8.93
,,,8073.1,8.0731,-8.64
,,,8074.1,8.0741,-8.47
,,,8075.1,8.0751,-8.64
,,,8076.1,8.0761,-8.86
,,,8077.1,8.0771,-8.18
,,,8078.1,8.0781,-8.26
,,,8080.2,8.0802,-8.71
,,,8081.2,8.0812,-8.71
,,,8082.2,8.0822,-8.67
,,,8083.2,8.0832,-8.58
,,,8084.2,8.0842,-8.72
,,,8085.2,8.0852,-8.61
,,,8086.2,8.0862,-8.7
,,,8087.2,8.0872,-8.83
,,,8088.2,8.0882,-8.44
,,,8090.2,8.0902,-8.45
,,,8091.2,8.0912,-8.57
,,,8092.2,8.0922,-8.68
,,,8093.3,8.0933,-8.56
,,,8094.3,8.0943,-8.57
,,,8095.3,8.0953,-8.56
,,,8096.3,8.0963,-8.69
,,,8097.3,8.0973,-8.49
,,,8098.3,8.0983,-8.51
,,,8100.3,8.1003,-8.8
,,,8101.3,8.1013,-8.96
,,,8102.3,8.1023,-8.84
,,,8103.3,8.1033,-8.71
,,,8104.3,8.1043,-8.68
,,,8105.3,8.1053,-8.65
,,,8106.3,8.1063,-8.68
,,,8107.4,8.1074,-8.76
,,,8108.4,8.1084,-8.64
,,,8109.4,8.1094,-8.76
,,,8110.4,8.1104,-8.65
,,,8111.4,8.1114,-9.02
,,,8112.4,8.1124,-8.96
,,,8113.4,8.1134,-8.96
,,,8114.4,8.1144,-8.87
,,,8115.4,8.1154,-8.86
,,,8116.4,8.1164,-8.7
,,,8117.4,8.1174,-9.13
,,,8118.4,8.1184,-8.98
,,,8119.4,8.1194,-9.02
,,,8120.4,8.1204,-8.93
,,,8121.5,8.1215,-8.76
,,,8122.5,8.1225,-8.65
,,,8123.5,8.1235,-8.97
,,,8124.5,8.1245,-8.85
,,,8125.5,8.1255,-9.08
,,,8126.5,8.1265,-8.94
,,,8127.5,8.1275,-8.8
,,,8128.5,8.1285,-8.91
,,,8129.5,8.1295,-8.97
,,,8130.5,8.1305,-9.16
,,,8131.5,8.1315,-9.13
,,,8132.5,8.1325,-9.2
,,,8133.5,8.1335,-9.04
,,,8134.5,8.1345,-8.96
,,,8135.6,8.1356,-9.26
,,,8136.6,8.1366,-9.04
,,,8137.6,8.1376,-8.98
,,,8138.6,8.1386,-8.87
,,,8139.6,8.1396,-9.11
,,,8140.6,8.1406,-9.39
,,,8141.6,8.1416,-9.27
,,,8142.6,8.1426,-9.32
,,,8143.6,8.1436,-9.06
,,,8144.6,8.1446,-9.26
,,,8145.6,8.1456,-9.21
,,,8146.6,8.1466,-9.36
,,,8147.6,8.1476,-9.41
,,,8148.6,8.1486,-9.24
,,,8149.7,8.1497,-8.94
,,,8150.7,8.1507,-8.93
,,,8151.7,8.1517,-8.9
,,,8152.7,8.1527,-8.89
,,,8153.7,8.1537,-8.93
,,,8154.7,8.1547,-8.83
,,,8155.7,8.1557,-8.96
,,,8156.7,8.1567,-8.98
,,,8157.7,8.1577,-9.02
,,,8158.7,8.1587,-8.77
,,,8159.7,8.1597,-8.95
,,,8160.7,8.1607,-9.35
,,,8161.7,8.1617,-9.42
,,,8162.7,8.1627,-9.4
,,,8163.8,8.1638,-9.19
,,,8164.8,8.1648,-9.03
,,,8165.8,8.1658,-9.31
,,,8166.8,8.1668,-9.01
,,,8167.8,8.1678,-9.14
,,,8168.8,8.1688,-8.81
,,,8169.8,8.1698,-9.33
,,,8170.8,8.1708,-9.18
,,,8171.8,8.1718,-8.8
,,,8172.8,8.1728,-9.33
,,,8173.8,8.1738,-8.69
,,,8174.8,8.1748,-8.55
,,,8175.8,8.1758,-8.7
,,,8176.8,8.1768,-8.95
,,,8177.9,8.1779,-8.83
,,,8178.9,8.1789,-8.98
,,,8179.9,8.1799,-9.4
,,,8180.9,8.1809,-8.94
,,,8181.9,8.1819,-8.8
,,,8182.9,8.1829,-8.85
,,,8183.9,8.1839,-9.02
,,,8184.9,8.1849,-8.92
,,,8185.9,8.1859,-9.29
,,,8186.9,8.1869,-8.96
,,,8187.9,8.1879,-8.97
,,,8188.9,8.1889,-8.85
,,,8189.9,8.1899,-8.91
,,,8190.9,8.1909,-8.84
,,,8193,8.193,-9.13
,,,8194,8.194,-9.33
,,,8195,8.195,-9.39
,,,8196,8.196,-9.45
,,,8197,8.197,-9.14
,,,8199.1,8.1991,-9.02
,,,8201.2,8.2012,-9.15
,,,8203.3,8.2033,-8.87
,,,8205.4,8.2054,-8.76
,,,8207.5,8.2075,-8.88
,,,8209.5,8.2095,-8.73
,,,8211.6,8.2116,-8.974
,,,8213.7,8.2137,-8.876
,,,8215.8,8.2158,-8.636
,,,8217.9,8.2179,-8.908
,,,8220,8.22,-9.051
,,,8222,8.222,-8.841
,,,8224.1,8.2241,-9.071
,,,8226.2,8.2262,-9.196
,,,8228.3,8.2283,-9.048
,,,8230.4,8.2304,-8.873
,,,8232.5,8.2325,-8.804
,,,8234.5,8.2345,-8.634
,,,8236.6,8.2366,-8.801
,,,8238.7,8.2387,-8.836
,,,8240.8,8.2408,-8.726
,,,8242.9,8.2429,-8.951
,,,8245,8.245,-8.798
,,,8247,8.247,-9.034
,,,8249.1,8.2491,-8.851
,,,8251.2,8.2512,-8.908
,,,8253.3,8.2533,-8.904
,,,8255.4,8.2554,-8.823
,,,8257.5,8.2575,-8.303
,,,8259.5,8.2595,-8.309
,,,8261.6,8.2616,-8.988
,,,8263.7,8.2637,-8.907
,,,8265.8,8.2658,-8.738
,,,8267.9,8.2679,-8.711
,,,8270,8.27,-8.778
,,,8272.1,8.2721,-8.558
,,,8274.1,8.2741,-8.746
,,,8276.2,8.2762,-8.712
,,,8278.3,8.2783,-8.921
,,,8280.4,8.2804,-9.006
,,,8282.5,8.2825,-8.797
,,,8284.6,8.2846,-9.244
,,,8305.4,8.3054,-8.94
,,,8326.2,8.3262,-9.07
,,,8347.1,8.3471,-8.96
,,,8367.9,8.3679,-9.07
,,,8388.7,8.3887,-9.41
,,,8409.6,8.4096,-9.2
,,,8430.4,8.4304,-8.85
,,,8451.2,8.4512,-8.79
,,,8472,8.472,-8.84
,,,8498.8,8.4988,-9.06
,,,8525.6,8.5256,-8.77
,,,8552.4,8.5524,-9.39
,,,8579.2,8.5792,-8.99
,,,8606,8.606,-8.96
,,,8632.8,8.6328,-9.29
,,,8659.6,8.6596,-8.97
,,,8686.4,8.6864,-9.29
,,,8713.2,8.7132,-9.07
,,,8740,8.74,-9.03
,,,8766.8,8.7668,-9.34
,,,8793.6,8.7936,-9.43
,,,8820.4,8.8204,-9.14
,,,8847.2,8.8472,-9.16
,,,8874,8.874,-8.87
,,,8997.5,8.9975,-9.04
,,,9015.5,9.0155,-9.31
,,,9033.4,9.0334,-9.2
,,,9051.3,9.0513,-9.34
,,,9069.2,9.0692,-8.49
,,,9087.1,9.0871,-8.01
,,,9105,9.105,-8.01
,,,9134.1,9.1341,-7.88
,,,9163.3,9.1633,-8.14
,,,9192.4,9.1924,-8.15
,,,9221.5,9.2215,-8.33
,,,9250.7,9.2507,-8.52
,,,9279.8,9.2798,-9.18
,,,9308.9,9.3089,-9.03
,,,9338.1,9.3381,-9.07
,,,9367.2,9.3672,-8.92
,,,9396.3,9.3963,-8.8
,,,9425.5,9.4255,-8.83
,,,9454.6,9.4546,-8.79
,,,9483.7,9.4837,-8.94
,,,9512.9,9.5129,-9.08
,,,9542,9.542,-9.22
,,,9571,9.571,-8.65
,,,9600,9.6,-8.29
,,,9629,9.629,-8.25
,,,9658,9.658,-8.66
,,,9687,9.687,-8.91
,,,9716,9.716,-8.42
,,,9745,9.745,-8.18
,,,9774,9.774,-8.88
,,,9803,9.803,-8.88
,,,9832,9.832,-8.72
,,,9861,9.861,-8.75
,,,9890,9.89,-8.66
,,,9919,9.919,-8.56
,,,9948,9.948,-8.01
,,,9977,9.977,-8.31
,,,9995.3,9.9953,-8.69
,,,10013.5,10.0135,-8.44
,,,10031.8,10.0318,-8.58
,,,10050,10.05,-8.93
,,,10068.3,10.0683,-8.99
,,,10086.6,10.0866,-9.02
,,,10104.8,10.1048,-9.06
,,,10123.1,10.1231,-8.8
,,,10141.3,10.1413,-8.26
,,,10159.6,10.1596,-8.49
,,,10177.9,10.1779,-8.59
,,,10196.1,10.1961,-9.16
,,,10214.4,10.2144,-9.15
,,,10232.7,10.2327,-8.86
,,,10250.9,10.2509,-8.64
,,,10269.2,10.2692,-8.9
,,,10287.4,10.2874,-8.79
,,,10305.7,10.3057,-8.94
,,,10324,10.324,-8.99
,,,10342.2,10.3422,-8.65
,,,10360.5,10.3605,-9
,,,10378.7,10.3787,-8.9
,,,10397,10.397,-8.83
,,,10416,10.416,-8.31
,,,10434.9,10.4349,-8.3
,,,10453.9,10.4539,-8.61
,,,10472.8,10.4728,-8.03
,,,10491.8,10.4918,-8.7
,,,10510.8,10.5108,-8.86
,,,10529.7,10.5297,-8.92
,,,10548.7,10.5487,-8.83
,,,10567.7,10.5677,-9.02
,,,10605.6,10.6056,-8.95
,,,10624.5,10.6245,-8.69
,,,10643.5,10.6435,-8.77
,,,10662.5,10.6625,-9.05
,,,10681.4,10.6814,-8.87
,,,10700.4,10.7004,-8.2
,,,10719.3,10.7193,-8.43
,,,10738.3,10.7383,-8.32
,,,10757.3,10.7573,-8.63
,,,10776.2,10.7762,-8.96
,,,10795.2,10.7952,-8.9
,,,10814.2,10.8142,-8.82
,,,10833.1,10.8331,-7.96
,,,10852.1,10.8521,-7.75
,,,10871,10.871,-7.7
,,,10890,10.89,-7.84
,,,10909.1,10.9091,-7.97
,,,10928.2,10.9282,-8.11
,,,10947.4,10.9474,-8.23
,,,10966.5,10.9665,-8.18
,,,10985.6,10.9856,-8.71
,,,11004.7,11.0047,-8.6
,,,11023.8,11.0238,-8.42
,,,11043,11.043,-8.32
,,,11062.1,11.0621,-8.4
,,,11081.2,11.0812,-8.63
,,,11100.3,11.1003,-8.38
,,,11119.4,11.1194,-8.21
,,,11138.6,11.1386,-8.24
,,,11157.7,11.1577,-8.41
,,,11176.8,11.1768,-8.61
,,,11195.9,11.1959,-7.52
,,,11215,11.215,-7.37
,,,11234.2,11.2342,-7.62
,,,11253.3,11.2533,-7.95
,,,11272.4,11.2724,-8.22
,,,11291.5,11.2915,-8
,,,11310.6,11.3106,-7.45
,,,11329.8,11.3298,-7.57
,,,11348.9,11.3489,-7.45
,,,11368,11.368,-7.76
,,,11384.9,11.3849,-7.73
,,,11401.8,11.4018,-7.37
,,,11418.7,11.4187,-7.44
,,,11435.6,11.4356,-7.36
,,,11452.5,11.4525,-7.36
,,,11469.4,11.4694,-7.54
,,,11486.3,11.4863,-7.42
,,,11503.2,11.5032,-7.42
,,,11520.1,11.5201,-7.27
,,,11537,11.537,-6.93
,,,11554,11.554,-6.89
,,,11570.9,11.5709,-6.85
,,,11587.8,11.5878,-6.76
,,,11604.7,11.6047,-6.76
,,,11621.6,11.6216,-6.86
,,,11638.5,11.6385,-6.8
,,,11655.4,11.6554,-6.62
,,,11672.3,11.6723,-6.63
,,,11689.2,11.6892,-6.34
,,,11706.1,11.7061,-6.29
,,,11723,11.723,-6.57
,,,11744.3,11.7443,-6.59
,,,11765.6,11.7656,-6.38
,,,11786.9,11.7869,-6.12
,,,11808.2,11.8082,-6.77
,,,11829.5,11.8295,-6.73
,,,11850.8,11.8508,-6.89
,,,11872.1,11.8721,-6.74
,,,11893.4,11.8934,-6.66
,,,11914.7,11.9147,-6.8
,,,11936,11.936,-6.87
,,,11957.3,11.9573,-6.63
,,,11978.6,11.9786,-6.87
,,,11999.9,11.9999,-6.45
,,,12021.2,12.0212,-6.7
,,,12042.5,12.0425,-6.5
,,,12063.8,12.0638,-6.84
,,,12085.1,12.0851,-6.49
,,,12106.4,12.1064,-6.51
,,,12127.7,12.1277,-6.65
,,,12149,12.149,-6.49
,,,12179.4,12.1794,-6.6
,,,12209.8,12.2098,-6.7
,,,12240.3,12.2403,-6.86
,,,12270.7,12.2707,-6.96
,,,12301.1,12.3011,-6.31
,,,12331.5,12.3315,-6.56
,,,12361.9,12.3619,-6.71
,,,12392.3,12.3923,-6.82
,,,12422.8,12.4228,-6.8
,,,12453.2,12.4532,-6.94
,,,12483.6,12.4836,-6.95
,,,12514,12.514,-6.62
,,,12542.3,12.5423,-6.48
,,,12570.6,12.5706,-6.52
,,,12598.9,12.5989,-7.18
,,,12627.2,12.6272,-7.28
,,,12655.5,12.6555,-7.15
,,,12683.8,12.6838,-7.29
,,,12712.1,12.7121,-7.11
,,,12740.4,12.7404,-7.41
,,,12768.6,12.7686,-7.49
,,,12796.9,12.7969,-7.17
,,,12825.2,12.8252,-7.44
,,,12853.5,12.8535,-7.34
,,,12881.8,12.8818,-7.47
,,,12910.1,12.9101,-7.52
,,,12938.4,12.9384,-6.92
,,,12966.7,12.9667,-7.23
,,,12995,12.995,-7.27
,,,13001.4,13.0014,-7.05
,,,13007.7,13.0077,-7.31
,,,13014.1,13.0141,-7.85
,,,13020.5,13.0205,-7.85
,,,13026.9,13.0269,-7.74
,,,13033.2,13.0332,-7.59
,,,13039.6,13.0396,-7.57
,,,13046,13.046,-7.53
,,,13052.3,13.0523,-7.81
,,,13058.7,13.0587,-7.92
,,,13065.1,13.0651,-7.88
,,,13071.4,13.0714,-7.85
,,,13077.8,13.0778,-8.13
,,,13084.2,13.0842,-8.24
,,,13090.6,13.0906,-8.1
,,,13096.9,13.0969,-8.07
,,,13103.3,13.1033,-8.15
,,,13109.7,13.1097,-8.4
,,,13116,13.116,-8.17
,,,13122.4,13.1224,-8.38
,,,13128.8,13.1288,-8.49
,,,13135.1,13.1351,-7.83
,,,13141.5,13.1415,-7.73
,,,13147.9,13.1479,-7.77
,,,13154.3,13.1543,-7.85
,,,13160.6,13.1606,-7.81
,,,13167,13.167,-7.93
,,,13182.7,13.1827,-7.88
,,,13198.4,13.1984,-7.87
,,,13214.1,13.2141,-7.81
,,,13229.8,13.2298,-8.05
,,,13245.5,13.2455,-7.47
,,,13261.2,13.2612,-7.86
,,,13276.9,13.2769,-7.78
,,,13292.6,13.2926,-8.07
,,,13308.3,13.3083,-8.03
,,,13324,13.324,-8.05
,,,13339.7,13.3397,-7.75
,,,13355.4,13.3554,-7.91
,,,13371.1,13.3711,-7.87
,,,13386.8,13.3868,-8.01
,,,13402.5,13.4025,-7.9
,,,13418.2,13.4182,-7.87
,,,13433.9,13.4339,-8.09
,,,13449.6,13.4496,-8.03
,,,13465.3,13.4653,-8.01
,,,13481,13.481,-8.2
,,,13496.7,13.4967,-8.29
,,,13512.4,13.5124,-8.09
,,,13559.5,13.5595,-7.98
,,,13575.2,13.5752,-8.15
,,,13590.9,13.5909,-7.94
,,,13606.6,13.6066,-7.89
,,,13622.3,13.6223,-8.03
,,,13638,13.638,-7.97
,,,13666.2,13.6662,-7.9
,,,13694.4,13.6944,-7.94
,,,13722.5,13.7225,-7.86
,,,13750.7,13.7507,-7.91
,,,13778.9,13.7789,-8.11
,,,13807.1,13.8071,-8.27
,,,13835.2,13.8352,-8.22
,,,13863.4,13.8634,-7.45
,,,13891.6,13.8916,-7.9
,,,13919.8,13.9198,-8.16
,,,13947.9,13.9479,-7.95
,,,13976.1,13.9761,-7.53
,,,14004.3,14.0043,-7.33
,,,14117,14.117,-7.68
,,,14154.8,14.1548,-7.4
,,,14192.6,14.1926,-7.53
,,,14230.4,14.2304,-7.35
,,,14268.2,14.2682,-7.68
,,,14305.9,14.3059,-7.27
,,,14343.7,14.3437,-6.64
,,,14381.5,14.3815,-6.78
,,,14419.3,14.4193,-6.92
,,,14457.1,14.4571,-6.72
,,,14494.9,14.4949,-6.35
,,,14532.7,14.5327,-5.92
,,,14570.5,14.5705,-6.93
,,,14608.3,14.6083,-6.33
,,,14646.1,14.6461,-6.69
,,,14683.8,14.6838,-5.71
,,,14721.6,14.7216,-5.45
,,,14759.4,14.7594,-5.15
,,,14797.2,14.7972,-5.45
,,,14835,14.835,-5.32
,,,14879.1,14.8791,-5.27
,,,14923.3,14.9233,-5.18
,,,14967.4,14.9674,-4.96
,,,15011.5,15.0115,-5.29
,,,15055.6,15.0556,-5.07
,,,15099.8,15.0998,-5.29
,,,15143.9,15.1439,-5.33
,,,15188,15.188,-5.64
,,,15232.1,15.2321,-5.52
,,,15276.3,15.2763,-5.34
,,,15320.4,15.3204,-5.72
,,,15364.5,15.3645,-5.12
,,,15408.6,15.4086,-5.24
,,,15452.8,15.4528,-5.28
,,,15496.9,15.4969,-5.16
,,,15541,15.541,-5.1
,,,15567.9,15.5679,-5.15
,,,15594.9,15.5949,-5.08
,,,15621.8,15.6218,-5.08
,,,15648.7,15.6487,-5.08
,,,15675.6,15.6756,-4.94
,,,15702.6,15.7026,-4.96
,,,15729.5,15.7295,-4.92
,,,15756.4,15.7564,-4.84
,,,15783.4,15.7834,-4.89
,,,15810.3,15.8103,-5.14
